{
 "Conduit": {
  "Type": "Sequential"
 },
 "Output Frequency": 1,
 "Parameters": [
  {
   "Distribution": "Uniform",
   "Initial Mean": 0.0,
   "Initial StdDev": 16.0,
   "Maximum": 32.0,
   "Min Std Change": 0.0,
   "Minimum": -32.0,
   "Name": "X0",
   "Type": "Computational"
  },
  {
   "Distribution": "Uniform",
   "Initial Mean": 0.0,
   "Initial StdDev": 16.0,
   "Maximum": 32.0,
   "Min Std Change": 0.0,
   "Minimum": -32.0,
   "Name": "X1",
   "Type": "Computational"
  },
  {
   "Distribution": "Uniform",
   "Initial Mean": 0.0,
   "Initial StdDev": 16.0,
   "Maximum": 32.0,
   "Min Std Change": 0.0,
   "Minimum": -32.0,
   "Name": "X2",
   "Type": "Computational"
  },
  {
   "Distribution": "Uniform",
   "Initial Mean": 0.0,
   "Initial StdDev": 16.0,
   "Maximum": 32.0,
   "Min Std Change": 0.0,
   "Minimum": -32.0,
   "Name": "X3",
   "Type": "Computational"
  }
 ],
 "Problem": {
  "Objective": "Direct Evaluation"
 },
 "Seed": 6487525387398360108,
 "Solver": {
  "Covariance Matrix": {
   "Cumulative Covariance": 0.5,
   "Eigenvalue Evaluation Frequency": 0,
   "Learning Rate": 0.9375590683224256
  },
  "Current Generation": 2,
  "Damp Factor": 4.8841838162926265,
  "Lambda": 128,
  "Method": "CMA-ES",
  "Mu": {
   "Covariance": 34.43346755139583,
   "Type": "Logarithmic",
   "Value": 64
  },
  "Sigma Cumulation Factor": 0.8793246065201328,
  "State": {
   "AxisLengths": [
    0.47040137852006964,
    0.5142915571627212,
    0.42606887265354154,
    0.48015716754790094
   ],
   "BestEverVector": [
    0.015256696406692145,
    0.440265603755315,
    -2.786087279234112,
    -1.2433250521243058
   ],
   "CovarianceMatrix": [
    [
     0.09801312593462821,
     0.0,
     0.0,
     0.0
    ],
    [
     0.0,
     0.06971457797661447,
     0.0,
     0.0
    ],
    [
     0.0,
     0.0,
     0.054888774380450936,
     0.0
    ],
    [
     0.0,
     0.0,
     0.0,
     0.07717824929085963
    ]
   ],
   "CumulativeCovariance": [
    0.4334105355781155,
    -0.04882434423424953,
    -0.074083592761023,
    0.061933906887444
   ],
   "Current Generation": 2,
   "CurrentBest": 6.9372704021825715,
   "CurrentBestVector": [
    13.917973645449372,
    18.037684073261918,
    15.49485139314994,
    14.582077557011273
   ],
   "CurrentFunctionValue": 6.9372704021825715,
   "CurrentMeanVector": [
    1.2361007066329497,
    -0.8565640068598107,
    -0.6110769312830358,
    -0.044482025606286765
   ],
   "EigenMatrix": [
    [
     1.0,
     0.0,
     0.0,
     0.0
    ],
    [
     0.0,
     1.0,
     0.0,
     0.0
    ],
    [
     0.0,
     0.0,
     1.0,
     0.0
    ],
    [
     0.0,
     0.0,
     0.0,
     1.0
    ]
   ],
   "EigenSystemUpToDate": false,
   "EvaluationCount": 256,
   "FunctionValues": [
    13.917973645449372,
    18.037684073261918,
    15.49485139314994,
    14.582077557011273
   ],
   "Index": [
    34,
    69,
    58,
    43
   ],
   "InfeasibleCount": 24,
   "MaxDiagonalCovariance": 0.09801312593462821,
   "MaxEigenvalue": 0.21912362397555504,
   "MinDiagonalCovariance": 0.054888774380450936,
   "MinEigenvalue": 0.1815346842442598,
   "MuEffective": 34.43346755139583,
   "MuWeights": [
    0.06733687934861472,
    0.056155749029250655,
    0.049615207076746305,
    0.04497461870988659,
    0.04137509872748638,
    0.038434076757382245,
    0.03594747811238049,
    0.03379348839052252,
    0.031893534804877895,
    0.030193968408122315,
    0.028656523589702523,
    0.027252946438018174,
    0.025961780621128333,
    0.02476634779301643,
    0.023653426455617976,
    0.022612358071158453,
    0.021634424645036555,
    0.02071240448551383,
    0.019840248233589836,
    0.019012838088758255,
    0.01822580584051208,
    0.017475393270338452,
    0.016758343610223828,
    0.016071816118654103,
    0.015413318106358055,
    0.014780650301764262,
    0.014171862533009484,
    0.013585217473652362,
    0.013019160753099397,
    0.012472296136253905,
    0.011943364774466433,
    0.011431227751794382,
    0.010934851317834112,
    0.010453294325672484,
    0.009985697491252162,
    0.009531274166149762,
    0.009089302374867686,
    0.008659117914225767,
    0.00824010834925992,
    0.007831707769394184,
    0.0074333921922097234,
    0.007044675521148013,
    0.006665105978918469,
    0.0062942629509743905,
    0.005931754183749563,
    0.0055772132908597566,
    0.0052302975275202515,
    0.004890685799290034,
    0.00455807687614627,
    0.004232187786993985,
    0.0039127523731681425,
    0.003599519982400192,
    0.0032922542871925194,
    0.0029907322136454137,
    0.0026947429685741844,
    0.0024040871542882845,
    0.0021185759617214192,
    0.0018380304337353348,
    0.0015622807913987392,
    0.0012911658168898422,
    0.0010245322874058037,
    0.0007622344551023631,
    0.0005041335686436711,
    0.00025009743243032014
   ],
   "PreviousMeanVector": [
    0.06067629035310703,
    -1.288865077886135,
    -0.7248972437075207,
    -0.38652767639407365
   ],