{
 "Conduit": {
  "Type": "Sequential"
 },
 "Output Frequency": 1,
 "Parameters": [
  {
   "Distribution": "Uniform",
   "Initial Mean": 0.0,
   "Initial StdDev": 16.0,
   "Maximum": 32.0,
   "Min Std Change": 0.0,
   "Minimum": -32.0,
   "Name": "X0",
   "Type": "Computational"
  },
  {
   "Distribution": "Uniform",
   "Initial Mean": 0.0,
   "Initial StdDev": 16.0,
   "Maximum": 32.0,
   "Min Std Change": 0.0,
   "Minimum": -32.0,
   "Name": "X1",
   "Type": "Computational"
  },
  {
   "Distribution": "Uniform",
   "Initial Mean": 0.0,
   "Initial StdDev": 16.0,
   "Maximum": 32.0,
   "Min Std Change": 0.0,
   "Minimum": -32.0,
   "Name": "X2",
   "Type": "Computational"
  },
  {
   "Distribution": "Uniform",
   "Initial Mean": 0.0,
   "Initial StdDev": 16.0,
   "Maximum": 32.0,
   "Min Std Change": 0.0,
   "Minimum": -32.0,
   "Name": "X3",
   "Type": "Computational"
  }
 ],
 "Problem": {
  "Model": "Single",
  "Objective": "Direct Evaluation"
 },
 "Seed": 12648435,
 "Solver": {
  "Covariance Matrix": {
   "Cumulative Covariance": 0.5,
   "Eigenvalue Evaluation Frequency": 0,
   "Learning Rate": 0.9375590683224256
  },
  "Current Generation": 19,
  "Damp Factor": 4.967618381876603,
  "Lambda": 128,
  "Method": "CMA-ES",
  "Mu": {
   "Covariance": 34.43346755139583,
   "Type": "Logarithmic",
   "Value": 64
  },
  "Sigma Cumulation Factor": 0.8793246065201328,
  "State": {
   "AxisLengths": [
    3.503301991465548e-05,
    3.0445298902897392e-05,
    2.6215780722109465e-05,
    4.5802877407800006e-05
   ],
   "BestEverVector": [
    -3.0000482930203827,
    -3.0000029337172873,
    -2.999926522273293,
    -3.0000083961327726
   ],
   "CovarianceMatrix": [
    [
     4.0183216790386813e-10,
     0.0,
     0.0,
     0.0
    ],
    [
     0.0,
     3.3730192878005173e-10,
     0.0,
     0.0
    ],
    [
     0.0,
     0.0,
     2.2103949299351824e-10,
     0.0
    ],
    [
     0.0,
     0.0,
     0.0,
     6.411616405388805e-10
    ]
   ],
   "CumulativeCovariance": [
    -4.285901349248515e-05,
    -1.2705394642680684e-05,
    1.3843589558323526e-05,
    -7.567794463348735e-05
   ],
   "Current Generation": 19,
   "CurrentBest": 6.894629958467921,
   "CurrentBestVector": [
    6.894629969942725,
    6.894629981400567,
    6.8946299720194535,
    6.894629999004687
   ],
   "CurrentFunctionValue": 6.894629958702352,
   "CurrentMeanVector": [
    -3.000061432568929,
    -2.999969838910054,
    -2.9999979228078755,
    -3.0000246501744416
   ],
   "EigenMatrix": [
    [
     1.0,
     0.0,
     0.0,
     0.0
    ],
    [
     0.0,
     1.0,
     0.0,
     0.0
    ],
    [
     0.0,
     0.0,
     1.0,
     0.0
    ],
    [
     0.0,
     0.0,
     0.0,
     1.0
    ]
   ],
   "EigenSystemUpToDate": false,
   "EvaluationCount": 2432,
   "FunctionValues": [
    6.894629969942725,
    6.894629981400567,
    6.8946299720194535,
    6.894629999004687
   ],
   "Index": [
    40,
    30,
    57,
    105
   ],
   "MaxDiagonalCovariance": 6.411616405388805e-10,
   "MaxEigenvalue": 1.2007581905645465e-09,
   "MinDiagonalCovariance": 2.2103949299351824e-10,
   "MinEigenvalue": 6.872671588697263e-10,
   "MuEffective": 34.43346755139583,
   "MuWeights": [
    0.06733687934861472,
    0.056155749029250655,
    0.049615207076746305,
    0.04497461870988659,
    0.04137509872748638,
    0.038434076757382245,
    0.03594747811238049,
    0.03379348839052252,
    0.031893534804877895,
    0.030193968408122315,
    0.028656523589702523,
    0.027252946438018174,
    0.025961780621128333,
    0.02476634779301643,
    0.023653426455617976,
    0.022612358071158453,
    0.021634424645036555,
    0.02071240448551383,
    0.019840248233589836,
    0.019012838088758255,
    0.01822580584051208,
    0.017475393270338452,
    0.016758343610223828,
    0.016071816118654103,
    0.015413318106358055,
    0.014780650301764262,
    0.014171862533009484,
    0.013585217473652362,
    0.013019160753099397,
    0.012472296136253905,
    0.011943364774466433,
    0.011431227751794382,
    0.010934851317834112,
    0.010453294325672484,
    0.009985697491252162,
    0.009531274166149762,
    0.009089302374867686,
    0.008659117914225767,
    0.00824010834925992,
    0.007831707769394184,
    0.0074333921922097234,
    0.007044675521148013,
    0.006665105978918469,
    0.0062942629509743905,
    0.005931754183749563,
    0.0055772132908597566,
    0.0052302975275202515,
    0.004890685799290034,
    0.00455807687614627,
    0.004232187786993985,
    0.0039127523731681425,
    0.003599519982400192,
    0.0032922542871925194,
    0.0029907322136454137,
    0.0026947429685741844,
    0.0024040871542882845,
    0.0021185759617214192,
    0.0018380304337353348,
    0.0015622807913987392,
    0.0012911658168898422,
    0.0010245322874058037,
    0.0007622344551023631,
    0.0005041335686436711,
    0.00025009743243032014
   ],
   "PreviousMeanVector": [
    -3.000048884094029,
    -2.999998519959843,
    -3.0000127773084566,
    -2.9999911771526344
   ],